age,age error,proxy,proxyerror,proxyname,researchername,proxytype,comments
1997.6,1.6,0.00245,0.00045,1.kaiser_239240Pu_EMB201/74,1_kaiser,pu,
1991.33333333,2,0.00208,0.00039,1.kaiser_239240Pu_EMB201/74,1_kaiser,pu,
1986,2,0.00531,0.00083,1.kaiser_239240Pu_EMB201/74,1_kaiser,pu,
1980.83870968,3.29032258,0.00353,0.00058,1.kaiser_239240Pu_EMB201/74,1_kaiser,pu,
1978.25806452,3.93548387,0.00538,0.00083,1.kaiser_239240Pu_EMB201/74,1_kaiser,pu,
1973.61538462,4,0.00575,0.00085,1.kaiser_239240Pu_EMB201/74,1_kaiser,pu,
1971.45454545,4,0.00703,0.00101,1.kaiser_239240Pu_EMB201/74,1_kaiser,pu,
1968.8,4,0.00675,0.00101,1.kaiser_239240Pu_EMB201/74,1_kaiser,pu,
1965.5,4,0.01048,0.0015,1.kaiser_239240Pu_EMB201/74,1_kaiser,pu,
1962.9629629615,3.9999999985,0.02475,0.00318,1.kaiser_239240Pu_EMB201/74,1_kaiser,pu,
1959.50617284,4,0.01276,0.00188,1.kaiser_239240Pu_EMB201/74,1_kaiser,pu,
1956.049382718,4.000000002,0.00544,0.00092,1.kaiser_239240Pu_EMB201/74,1_kaiser,pu,
1953.4567901233,3.9999999998,0.00133,0.00032,1.kaiser_239240Pu_EMB201/74,1_kaiser,pu,
1951.728395062,4,0.00045,0.00017,1.kaiser_239240Pu_EMB201/74,1_kaiser,pu,
1950,4,0.0015,0.00035,1.kaiser_239240Pu_EMB201/74,1_kaiser,pu,
1946.6666666667,4.2352941177,0.00031,0.00014,1.kaiser_239240Pu_EMB201/74,1_kaiser,pu,
1943.3333333345,4.4705882345,0.00018,0.00011,1.kaiser_239240Pu_EMB201/74,1_kaiser,pu,
1940.0000000015,4.7058823515,0.00018,0.0001,1.kaiser_239240Pu_EMB201/74,1_kaiser,pu,
1936.6666666685,4.9411764685,0.0002,0.00011,1.kaiser_239240Pu_EMB201/74,1_kaiser,pu,
1933.333333335,5.176470585,0.00018,0.0001,1.kaiser_239240Pu_EMB201/74,1_kaiser,pu,
2016.666666665,0.666666665,1891.5503513219,503.956530705276,1.kaiser_SCP_EMB201/74,1_kaiser,scp,measurement s.d.= (U-L)/(2*1.645)
2014,1,1371.1471057443,408.426797455738,1.kaiser_SCP_EMB201/74,1_kaiser,scp,
1997.6,1.6,3056.8084484359,607.025791178755,1.kaiser_SCP_EMB201/74,1_kaiser,scp,
1995.8,1.8,1721.988712173,458.78105052498,1.kaiser_SCP_EMB201/74,1_kaiser,scp,
1994,2,4123.1166327181,818.774934156781,1.kaiser_SCP_EMB201/74,1_kaiser,scp,
1991.33333333,2,3751.2172107946,744.922566682616,1.kaiser_SCP_EMB201/74,1_kaiser,scp,
1988.66666667,2,3158.7434917541,711.255296563831,1.kaiser_SCP_EMB201/74,1_kaiser,scp,
1986,2,4774.2141587855,857.562392529644,1.kaiser_SCP_EMB201/74,1_kaiser,scp,
1983.41935484,2.64516129,7737.5371563423,1152.39915094459,1.kaiser_SCP_EMB201/74,1_kaiser,scp,
1980.83870968,3.29032258,7320.8855861918,1057.78969619282,1.kaiser_SCP_EMB201/74,1_kaiser,scp,
1978.25806452,3.93548387,5528.9820135016,736.529850212274,1.kaiser_SCP_EMB201/74,1_kaiser,scp,
1975.92307692,4,4247.0921366009,730.400788016077,1.kaiser_SCP_EMB201/74,1_kaiser,scp,
1973.61538462,4,5420.0162997334,783.134407382179,1.kaiser_SCP_EMB201/74,1_kaiser,scp,
1971.45454545,4,5436.3158741221,763.358602407004,1.kaiser_SCP_EMB201/74,1_kaiser,scp,
1968.8,4,4191.3118231342,644.710162997597,1.kaiser_SCP_EMB201/74,1_kaiser,scp,
1965.5,4,4732.0706180114,727.890013483394,1.kaiser_SCP_EMB201/74,1_kaiser,scp,
1962.9629629615,3.9999999985,4331.2876016567,815.975643892627,1.kaiser_SCP_EMB201/74,1_kaiser,scp,
1959.50617284,4,4348.3813373341,718.482377343378,1.kaiser_SCP_EMB201/74,1_kaiser,scp,
1956.049382718,4.000000002,3402.2609258256,716.609889537077,1.kaiser_SCP_EMB201/74,1_kaiser,scp,
1953.4567901233,3.9999999998,1145.0265210328,393.835709875147,1.kaiser_SCP_EMB201/74,1_kaiser,scp,
1951.728395062,4,657.9251986518,277.154347775424,1.kaiser_SCP_EMB201/74,1_kaiser,scp,
1950,4,365.1785757396,217.553194057623,1.kaiser_SCP_EMB201/74,1_kaiser,scp,
1946.6666666667,4.2352941177,469.2793347706,279.570667522891,1.kaiser_SCP_EMB201/74,1_kaiser,scp,
1943.3333333345,4.4705882345,0,0,1.kaiser_SCP_EMB201/74,1_kaiser,scp,
1940.0000000015,4.7058823515,0,0,1.kaiser_SCP_EMB201/74,1_kaiser,scp,
1936.6666666685,4.9411764685,724.9128677333,305.373245260013,1.kaiser_SCP_EMB201/74,1_kaiser,scp,
1933.333333335,5.176470585,376.9813048254,224.584607130028,1.kaiser_SCP_EMB201/74,1_kaiser,scp,
1930,5.41176471,0,0,1.kaiser_SCP_EMB201/74,1_kaiser,scp,
1926.666666665,5.647058825,0,0,1.kaiser_SCP_EMB201/74,1_kaiser,scp,
1923.33333333,5.88235294,363.3957978048,216.491113585846,1.kaiser_SCP_EMB201/74,1_kaiser,scp,
1920,6.11764706,1241.315147905,426.954505833602,1.kaiser_SCP_EMB201/74,1_kaiser,scp,
1916.666666665,6.352941175,0,0,1.kaiser_SCP_EMB201/74,1_kaiser,scp,
1913.333333335,6.588235295,382.3845904341,227.803585790536,1.kaiser_SCP_EMB201/74,1_kaiser,scp,
1910,6.82352941,0,0,1.kaiser_SCP_EMB201/74,1_kaiser,scp,
1906.66666667,7.05882353,0,0,1.kaiser_SCP_EMB201/74,1_kaiser,scp,
1903.333333335,7.294117645,0,0,1.kaiser_SCP_EMB201/74,1_kaiser,scp,
1900,7.52941176,0,0,1.kaiser_SCP_EMB201/74,1_kaiser,scp,
1896.666666665,7.764705885,364.1962976987,216.968007139635,1.kaiser_SCP_EMB201/74,1_kaiser,scp,
1893.33333333,8,0,0,1.kaiser_SCP_EMB201/74,1_kaiser,scp,
1890,8.23529412,0,0,1.kaiser_SCP_EMB201/74,1_kaiser,scp,
1886.666666665,8.470588235,0,0,1.kaiser_SCP_EMB201/74,1_kaiser,scp,
1883.333333335,8.705882355,0,0,1.kaiser_SCP_EMB201/74,1_kaiser,scp,
1880,8.94117647,0,0,1.kaiser_SCP_EMB201/74,1_kaiser,scp,
1876.666666665,9.176470585,0,0,1.kaiser_SCP_EMB201/74,1_kaiser,scp,
1873.333333335,9.411764705,0,0,1.kaiser_SCP_EMB201/74,1_kaiser,scp,
1870,9.64705882,0,0,1.kaiser_SCP_EMB201/74,1_kaiser,scp,
1866.66666667,9.88235294,0,0,1.kaiser_SCP_EMB201/74,1_kaiser,scp,
1863.33104211,10,0,0,1.kaiser_SCP_EMB201/74,1_kaiser,scp,
1859.99312631,10.00000001,0,0,1.kaiser_SCP_EMB201/74,1_kaiser,scp,
1856.655210515,10.000000015,0,0,1.kaiser_SCP_EMB201/74,1_kaiser,scp,
1853.31729472,10.00000002,0,0,1.kaiser_SCP_EMB201/74,1_kaiser,scp,
1849.979378925,10.000000025,0,0,1.kaiser_SCP_EMB201/74,1_kaiser,scp,
1846.64146318,9.99999998,0,0,1.kaiser_SCP_EMB201/74,1_kaiser,scp,
1843.303547385,9.999999985,0,0,1.kaiser_SCP_EMB201/74,1_kaiser,scp,
1839.9656316,10,0,0,1.kaiser_SCP_EMB201/74,1_kaiser,scp,
2014,1,1.017,0.0027141883,1.kaiser_F14C_EMB201/74,1_kaiser,f14c,
2010.33333333,1,1.024,0.0027440334,1.kaiser_F14C_EMB201/74,1_kaiser,f14c,
2004.83333333,1,1.04,0.0028021845,1.kaiser_F14C_EMB201/74,1_kaiser,f14c,
1997.6,1.6,1.057,0.0028523746,1.kaiser_F14C_EMB201/74,1_kaiser,f14c,
1988.66666667,2,1.172,0.0038410191,1.kaiser_F14C_EMB201/74,1_kaiser,f14c,
1980.83870968,3.29032258,1.132,0.0030048871,1.kaiser_F14C_EMB201/74,1_kaiser,f14c,
1975.92307692,4,1.171,0.0030844143,1.kaiser_F14C_EMB201/74,1_kaiser,f14c,
1973.61538462,4,1.207,0.0031664967,1.kaiser_F14C_EMB201/74,1_kaiser,f14c,
1971.45454545,4,1.212,0.0032028885,1.kaiser_F14C_EMB201/74,1_kaiser,f14c,
1968.8,4,1.201,0.003274622,1.kaiser_F14C_EMB201/74,1_kaiser,f14c,
1965.5,4,1.195,0.0031580964,1.kaiser_F14C_EMB201/74,1_kaiser,f14c,
1962.9629629615,3.9999999985,0.992,0.0033615769,1.kaiser_F14C_EMB201/74,1_kaiser,f14c,
1959.50617284,4,0.876,0.0024397467,1.kaiser_F14C_EMB201/74,1_kaiser,f14c,
1956.049382718,4.000000002,0.804,0.0028226875,1.kaiser_F14C_EMB201/74,1_kaiser,f14c,
1953.4567901233,3.9999999998,0.781,0.0027859505,1.kaiser_F14C_EMB201/74,1_kaiser,f14c,
1951.728395062,4,0.794,0.002984153,1.kaiser_F14C_EMB201/74,1_kaiser,f14c,
1950,4,0.789,0.0028015909,1.kaiser_F14C_EMB201/74,1_kaiser,f14c,
1946.6666666667,4.2352941177,0.786,0.0028637197,1.kaiser_F14C_EMB201/74,1_kaiser,f14c,
1943.3333333345,4.4705882345,0.784,0.0028003388,1.kaiser_F14C_EMB201/74,1_kaiser,f14c,
1933.333333335,5.176470585,0.794,0.0028579883,1.kaiser_F14C_EMB201/74,1_kaiser,f14c,
2019.0780060883,1,0.0006792756,0.000025924,2.kuwae_239240Pu_BMC19S12,2_kuwae,pu,age errors defined by me according to the first subsection of discussion
2017.0942028986,1,0.0006713666,0.0000278738,2.kuwae_239240Pu_BMC19S12,2_kuwae,pu,Till 2000 1 year
2015.9347826087,1,0.0006574043,0.0000278813,2.kuwae_239240Pu_BMC19S12,2_kuwae,pu,Till 1990 2 years
2014.7753623188,1,0.0007383076,0.0000288343,2.kuwae_239240Pu_BMC19S12,2_kuwae,pu,Till 1980 3 years
2013.615942029,1,0.0007337687,0.0000331133,2.kuwae_239240Pu_BMC19S12,2_kuwae,pu,Till 1970 2 years
2010.3441558442,1,0.0007811799,0.000030252,2.kuwae_239240Pu_BMC19S12,2_kuwae,pu,Till 1940 1 years
2005.6688311688,1,0.0007154339,0.0000269559,2.kuwae_239240Pu_BMC19S12,2_kuwae,pu,Till 1920 2 years
2003.6911764706,1,0.0006679078,0.0000241946,2.kuwae_239240Pu_BMC19S12,2_kuwae,pu,Then 3 years
2000.4558823529,2,0.0007875679,0.000033061,2.kuwae_239240Pu_BMC19S12,2_kuwae,pu,
1997.2205882353,2,0.000922132,0.0000339704,2.kuwae_239240Pu_BMC19S12,2_kuwae,pu,
1993.8707865169,2,0.0008021933,0.0000318696,2.kuwae_239240Pu_BMC19S12,2_kuwae,pu,
1992.6348314607,2,0.0009356303,0.0000364403,2.kuwae_239240Pu_BMC19S12,2_kuwae,pu,
1991.3988764045,2,0.0010783814,0.0000363839,2.kuwae_239240Pu_BMC19S12,2_kuwae,pu,
1990.1629213483,3,0.0014422159,0.0001397237,2.kuwae_239240Pu_BMC19S12,2_kuwae,pu,
1988.9269662921,3,0.0010221859,0.0000324227,2.kuwae_239240Pu_BMC19S12,2_kuwae,pu,
1987.691011236,3,0.0011803729,0.0000970438,2.kuwae_239240Pu_BMC19S12,2_kuwae,pu,
1985.2191011236,3,0.0014032628,0.0001241251,2.kuwae_239240Pu_BMC19S12,2_kuwae,pu,
1982.7471910112,3,0.0015012965,0.0001292266,2.kuwae_239240Pu_BMC19S12,2_kuwae,pu,
1982.5,3,0.0017239737,0.0001494299,2.kuwae_239240Pu_BMC19S12,2_kuwae,pu,
1982.5,3,0.0017911869,0.0001638778,2.kuwae_239240Pu_BMC19S12,2_kuwae,pu,
1980.0189873418,2,0.0020230774,0.0000772833,2.kuwae_239240Pu_BMC19S12,2_kuwae,pu,
1976.4746835443,2,0.0022306504,0.000082742,2.kuwae_239240Pu_BMC19S12,2_kuwae,pu,
1972.9303797468,2,0.0025856988,0.0000795652,2.kuwae_239240Pu_BMC19S12,2_kuwae,pu,
1971.1582278481,2,0.0027973742,0.0000842536,2.kuwae_239240Pu_BMC19S12,2_kuwae,pu,
1969.552631579,1,0.0020902835,0.000069931,2.kuwae_239240Pu_BMC19S12,2_kuwae,pu,
1965.0714285714,1,0.0061559543,0.0002050062,2.kuwae_239240Pu_BMC19S12,2_kuwae,pu,
1963.7857142857,1,0.0071357744,0.000211529,2.kuwae_239240Pu_BMC19S12,2_kuwae,pu,
1961.3,1,0.0051714579,0.0001880332,2.kuwae_239240Pu_BMC19S12,2_kuwae,pu,
1960.3,1,0.0046526474,0.000137956,2.kuwae_239240Pu_BMC19S12,2_kuwae,pu,
1959.5,1,0.0059778237,0.0002002513,2.kuwae_239240Pu_BMC19S12,2_kuwae,pu,
1959.25,1,0.0064855997,0.0001927221,2.kuwae_239240Pu_BMC19S12,2_kuwae,pu,
1956.75,1,0.0039463979,0.0001439986,2.kuwae_239240Pu_BMC19S12,2_kuwae,pu,
1954.45,1,0.0005227244,0.0000320907,2.kuwae_239240Pu_BMC19S12,2_kuwae,pu,
1953.95,1,0.0001616227,0.000005715,2.kuwae_239240Pu_BMC19S12,2_kuwae,pu,
1953.5,1,0.0001211659,0.0000039107,2.kuwae_239240Pu_BMC19S12,2_kuwae,pu,
1953.5,1,0.000121554,0.0000101451,2.kuwae_239240Pu_BMC19S12,2_kuwae,pu,
1951.0384615385,1,0.000021091,0.0000038219,2.kuwae_239240Pu_BMC19S12,2_kuwae,pu,
1947.3861788618,1,0.0000243988,0.0000043961,2.kuwae_239240Pu_BMC19S12,2_kuwae,pu,
1943.1585365854,1,0.0000050964,0.0000018631,2.kuwae_239240Pu_BMC19S12,2_kuwae,pu,
1938.9308943089,2,0.0000057371,0.0000022124,2.kuwae_239240Pu_BMC19S12,2_kuwae,pu,
2018.0384615385,1,3581.8181818182,358.18181818182,2.kuwae_SCP_BMC19S15,2_kuwae,scp,age errors defined by me according to the first subsection of discussion
2017.2692307692,1,4477.2727272727,447.72727272727,2.kuwae_SCP_BMC19S15,2_kuwae,scp,Till 2000 1 year
2016.5,1,3835.8974358974,383.58974358974,2.kuwae_SCP_BMC19S15,2_kuwae,scp,Till 1990 2 years
2015.7307692308,1,2676.9230769231,267.69230769231,2.kuwae_SCP_BMC19S15,2_kuwae,scp,Till 1980 3 years
2014.9615384615,1,1176.8115942029,117.68115942029,2.kuwae_SCP_BMC19S15,2_kuwae,scp,Till 1970 2 years
2014.1923076923,1,3207.326007326,320.7326007326,2.kuwae_SCP_BMC19S15,2_kuwae,scp,Till 1940 1 years
2013.4230769231,1,4518.2186234818,451.82186234818,2.kuwae_SCP_BMC19S15,2_kuwae,scp,Till 1920 2 years
2012.6538461539,1,4820.6477732794,482.06477732794,2.kuwae_SCP_BMC19S15,2_kuwae,scp,Then 3 years
2011.8846153846,1,5525,552.5,2.kuwae_SCP_BMC19S15,2_kuwae,scp,measurement errors 10% according to Rose 2008
2011.1153846154,1,5775,577.5,2.kuwae_SCP_BMC19S15,2_kuwae,scp,
2010.3461538462,1,4538.4615384615,453.84615384615,2.kuwae_SCP_BMC19S15,2_kuwae,scp,
2009.5769230769,1,4309.5238095238,430.95238095238,2.kuwae_SCP_BMC19S15,2_kuwae,scp,
2008.8076923077,1,5317.4089068826,531.74089068826,2.kuwae_SCP_BMC19S15,2_kuwae,scp,
2008.0384615385,1,5579.6992481203,557.96992481203,2.kuwae_SCP_BMC19S15,2_kuwae,scp,
2007.2692307692,1,6258.2456140351,625.82456140351,2.kuwae_SCP_BMC19S15,2_kuwae,scp,
2006.5,1,5267.8571428571,526.78571428571,2.kuwae_SCP_BMC19S15,2_kuwae,scp,
2005.7307692308,1,6347.619047619,634.7619047619,2.kuwae_SCP_BMC19S15,2_kuwae,scp,
2004.9615384615,1,6884.3537414966,688.43537414966,2.kuwae_SCP_BMC19S15,2_kuwae,scp,
2003.9054054054,1,11403.6363636363,1140.36363636363,2.kuwae_SCP_BMC19S15,2_kuwae,scp,
2002.4189189189,1,12133.3333333333,1213.33333333333,2.kuwae_SCP_BMC19S15,2_kuwae,scp,
2000.9324324324,1,10253.0612244898,1025.30612244898,2.kuwae_SCP_BMC19S15,2_kuwae,scp,
1999.445945946,2,9993.0735930736,999.30735930736,2.kuwae_SCP_BMC19S15,2_kuwae,scp,
1997.9594594595,2,10824.025974026,1082.4025974026,2.kuwae_SCP_BMC19S15,2_kuwae,scp,
1996.472972973,2,12224.6031746033,1222.46031746033,2.kuwae_SCP_BMC19S15,2_kuwae,scp,
1994.9864864865,2,13762.6794258373,1376.26794258373,2.kuwae_SCP_BMC19S15,2_kuwae,scp,
1993.5,2,11283.0769230768,1128.30769230768,2.kuwae_SCP_BMC19S15,2_kuwae,scp,
1992.4908256881,2,11828.5714285714,1182.85714285714,2.kuwae_SCP_BMC19S15,2_kuwae,scp,
1991.4816513762,2,9635.1449275362,963.51449275362,2.kuwae_SCP_BMC19S15,2_kuwae,scp,
1990.4724770642,2,17013.6363636364,1701.36363636364,2.kuwae_SCP_BMC19S15,2_kuwae,scp,
1989.4633027523,3,19481.7927170868,1948.17927170868,2.kuwae_SCP_BMC19S15,2_kuwae,scp,
1988.4541284404,3,19653.125,1965.3125,2.kuwae_SCP_BMC19S15,2_kuwae,scp,
1987.4449541284,3,11806.6666666667,1180.66666666667,2.kuwae_SCP_BMC19S15,2_kuwae,scp,
1986.4357798165,3,19268.5714285715,1926.85714285715,2.kuwae_SCP_BMC19S15,2_kuwae,scp,
1985.4266055046,3,14440.3125,1444.03125,2.kuwae_SCP_BMC19S15,2_kuwae,scp,
1984.4174311927,3,13066.6666666666,1306.66666666666,2.kuwae_SCP_BMC19S15,2_kuwae,scp,
1983.4082568807,3,10954.2857142857,1095.42857142857,2.kuwae_SCP_BMC19S15,2_kuwae,scp,
1982.5,3,14869.1729323309,1486.91729323309,2.kuwae_SCP_BMC19S15,2_kuwae,scp,
1982.5,3,18102.216066482,1810.2216066482,2.kuwae_SCP_BMC19S15,2_kuwae,scp,
1982.5,3,15675,1567.5,2.kuwae_SCP_BMC19S15,2_kuwae,scp,
1982.5,3,19342.1052631579,1934.21052631579,2.kuwae_SCP_BMC19S15,2_kuwae,scp,
1980.6333333333,3,19930.909090909,1993.0909090909,2.kuwae_SCP_BMC19S15,2_kuwae,scp,
1978.7666666667,2,14405,1440.5,2.kuwae_SCP_BMC19S15,2_kuwae,scp,
1976.9,2,10014.5454545455,1001.45454545455,2.kuwae_SCP_BMC19S15,2_kuwae,scp,
1975.0333333333,2,11828.5714285714,1182.85714285714,2.kuwae_SCP_BMC19S15,2_kuwae,scp,
1973.1666666667,2,13425.641025641,1342.5641025641,2.kuwae_SCP_BMC19S15,2_kuwae,scp,
1971.3,2,12631.2925170068,1263.12925170068,2.kuwae_SCP_BMC19S15,2_kuwae,scp,
1969.4333333333,1,31246.4985994398,3124.64985994398,2.kuwae_SCP_BMC19S15,2_kuwae,scp,
1965.9038461539,1,8172.1739130435,817.21739130435,2.kuwae_SCP_BMC19S15,2_kuwae,scp,
1964.1730769231,1,9098.9010989011,909.89010989011,2.kuwae_SCP_BMC19S15,2_kuwae,scp,
1962.4423076923,1,3241.5584415584,324.15584415584,2.kuwae_SCP_BMC19S15,2_kuwae,scp,
1960.7115384615,1,2194.1558441558,219.41558441558,2.kuwae_SCP_BMC19S15,2_kuwae,scp,
1959.5,1,1856.8181818182,185.68181818182,2.kuwae_SCP_BMC19S15,2_kuwae,scp,
1958.1666666667,1,367.6767676768,36.76767676768,2.kuwae_SCP_BMC19S15,2_kuwae,scp,
1956.8333333333,1,943.4782608696,94.34782608696,2.kuwae_SCP_BMC19S15,2_kuwae,scp,
1955.880952381,1,1517.3553719008,151.73553719008,2.kuwae_SCP_BMC19S15,2_kuwae,scp,
1954.9285714286,1,625.7575757576,62.57575757576,2.kuwae_SCP_BMC19S15,2_kuwae,scp,
1953.9761904762,1,421.6783216783,42.16783216783,2.kuwae_SCP_BMC19S15,2_kuwae,scp,
1953.5,1,696.4646464646,69.64646464646,2.kuwae_SCP_BMC19S15,2_kuwae,scp,
1953.5,1,871.3636363636,87.13636363636,2.kuwae_SCP_BMC19S15,2_kuwae,scp,
1953.5,1,699.3006993007,69.93006993007,2.kuwae_SCP_BMC19S15,2_kuwae,scp,
1953.5,1,491.6387959866,49.16387959866,2.kuwae_SCP_BMC19S15,2_kuwae,scp,
1952.5769230769,1,397.3244147157,39.73244147157,2.kuwae_SCP_BMC19S15,2_kuwae,scp,
1949.5,1,609.5238095238,60.95238095238,2.kuwae_SCP_BMC19S15,2_kuwae,scp,
1946.6428571429,1,636.7346938776,63.67346938776,2.kuwae_SCP_BMC19S15,2_kuwae,scp,
1943.7857142857,1,302.5568181818,30.25568181818,2.kuwae_SCP_BMC19S15,2_kuwae,scp,
1940.9285714286,1,239.2857142857,23.92857142857,2.kuwae_SCP_BMC19S15,2_kuwae,scp,
1938.0714285714,2,0,0,2.kuwae_SCP_BMC19S15,2_kuwae,scp,
1935.2142857143,2,204.2780748663,20.42780748663,2.kuwae_SCP_BMC19S15,2_kuwae,scp,
1932.3571428571,2,73.5507246377,7.35507246377,2.kuwae_SCP_BMC19S15,2_kuwae,scp,
1929.5,2,0,0,2.kuwae_SCP_BMC19S15,2_kuwae,scp,
1928.9339622642,2,0,0,2.kuwae_SCP_BMC19S15,2_kuwae,scp,
1927.4245283019,2,0,0,2.kuwae_SCP_BMC19S15,2_kuwae,scp,
1925.9150943396,2,78.6713286713,7.86713286713,2.kuwae_SCP_BMC19S15,2_kuwae,scp,
1924.4056603774,2,0,0,2.kuwae_SCP_BMC19S15,2_kuwae,scp,
1922.8333333333,2,0,0,2.kuwae_SCP_BMC19S15,2_kuwae,scp,
1921.1666666667,2,0,0,2.kuwae_SCP_BMC19S15,2_kuwae,scp,
1971.125,2,1.1154,0.0047,2.kuwae_F14C_BG19S11,2_kuwae,f14c,age errors defined by me according to the first subsection of discussion
1968.9375,1,1.1023,0.005,2.kuwae_F14C_BG19S11,2_kuwae,f14c,Till 2000 1 year
1967.2878787879,1,1.0727,0.0058,2.kuwae_F14C_BG19S11,2_kuwae,f14c,Till 1990 2 years
1964.2575757576,1,0.8459,0.0037,2.kuwae_F14C_BG19S11,2_kuwae,f14c,Till 1980 3 years
1962.5909090909,1,0.94613,0.00928,2.kuwae_F14C_BG19S11,2_kuwae,f14c,Till 1970 2 years
1960.7727272727,1,0.79768,0.02491,2.kuwae_F14C_BG19S11,2_kuwae,f14c,Till 1940 1 years
1958.9545454546,1,0.91618,0.00908,2.kuwae_F14C_BG19S11,2_kuwae,f14c,Till 1920 2 years
1958.4411764706,1,0.925,0.004,2.kuwae_F14C_BG19S11,2_kuwae,f14c,Then 3 years
1956.9666666667,1,0.945,0.0056,2.kuwae_F14C_BG19S11,2_kuwae,f14c,
1953.5,1,0.9341,0.0037,2.kuwae_F14C_BG19S11,2_kuwae,f14c,this is Percent of modern 14C
1953.5,1,0.92153,0.00595,2.kuwae_F14C_BG19S11,2_kuwae,f14c,
1953.5,1,0.92573,0.00679,2.kuwae_F14C_BG19S11,2_kuwae,f14c,
1953.3333333333,1,0.9388,0.0052,2.kuwae_F14C_BG19S11,2_kuwae,f14c,
1950.375,1,0.9263,0.0035,2.kuwae_F14C_BG19S11,2_kuwae,f14c,
1948.6290322581,1,0.9408,0.0076,2.kuwae_F14C_BG19S11,2_kuwae,f14c,
1945.7258064516,1,0.93035,0.0074,2.kuwae_F14C_BG19S11,2_kuwae,f14c,
1939.9193548387,2,0.92321,0.00626,2.kuwae_F14C_BG19S11,2_kuwae,f14c,
2017.545455,0.8005055,0.0659,0.0339,3.stegner_239240Pu_JRBP2018VC01B,3_stegner,pu,age errors are found by taking the mean of the difference between upper and lower age estimate
2000.540541,1.4945945,0.219922,0.061,3.stegner_239240Pu_JRBP2018VC01B,3_stegner,pu,
1995.125,0.9479165,0.134058,0.0441,3.stegner_239240Pu_JRBP2018VC01B,3_stegner,pu,
1989.916667,2.3333335,0.169056,0.0556,3.stegner_239240Pu_JRBP2018VC01B,3_stegner,pu,
1981,2.4,0.123913,0.045,3.stegner_239240Pu_JRBP2018VC01B,3_stegner,pu,
1976.75,1.25,0.391097,0.0708,3.stegner_239240Pu_JRBP2018VC01B,3_stegner,pu,
1974.8,1.5666665,0.135,0.024,3.stegner_239240Pu_JRBP2018VC01B,3_stegner,pu,
1973.444445,1.5,0.103,0.02,3.stegner_239240Pu_JRBP2018VC01B,3_stegner,pu,
1971.916667,1.0833335,0.157751,0.0408,3.stegner_239240Pu_JRBP2018VC01B,3_stegner,pu,
1969.375,2.2291665,0.382644,0.0831,3.stegner_239240Pu_JRBP2018VC01B,3_stegner,pu,
1967,0.7954545,0.49863,0.10039,3.stegner_239240Pu_JRBP2018VC01B,3_stegner,pu,
1963.479167,0.75,0.752603,0.148074,3.stegner_239240Pu_JRBP2018VC01B,3_stegner,pu,
1961.568182,1.159091,0.23412,0.0599,3.stegner_239240Pu_JRBP2018VC01B,3_stegner,pu,
1959.083334,1.2916665,0.384159,0.0886,3.stegner_239240Pu_JRBP2018VC01B,3_stegner,pu,
1956,1.0797415,0.121665,0.0469,3.stegner_239240Pu_JRBP2018VC01B,3_stegner,pu,
1954.965518,0.689655,0.123813,0.045,3.stegner_239240Pu_JRBP2018VC01B,3_stegner,pu,
1953.28125,0.9479165,0.0916,0.0402,3.stegner_239240Pu_JRBP2018VC01B,3_stegner,pu,
1950.916667,1.4,0.0392,0.0265,3.stegner_239240Pu_JRBP2018VC01B,3_stegner,pu,
1948.333334,0.9722225,0.0578,0.0362,3.stegner_239240Pu_JRBP2018VC01B,3_stegner,pu,
1947.388889,0.472222,0.026,0.011,3.stegner_239240Pu_JRBP2018VC01B,3_stegner,pu,
1946.944444,0.4722225,0.012,0.008,3.stegner_239240Pu_JRBP2018VC01B,3_stegner,pu,
1946,1.061111,0,NA,3.stegner_239240Pu_JRBP2018VC01B,3_stegner,pu,
2017.055556,0.305556,379,371,3.stegner_SCP_JRBP2018VC01B,3_stegner,scp,age and proxy errors are found by taking the mean of the difference between upper and lower age estimate
2009.388889,0.5555555,446,437,3.stegner_SCP_JRBP2018VC01B,3_stegner,scp,
2005.630435,0.521739,1280,724.5,3.stegner_SCP_JRBP2018VC01B,3_stegner,scp,
2004.708333,0.5069445,1132,640.5,3.stegner_SCP_JRBP2018VC01B,3_stegner,scp,
2002.333333,1.0416665,284,278,3.stegner_SCP_JRBP2018VC01B,3_stegner,scp,
1999.9,1.1,0,0,3.stegner_SCP_JRBP2018VC01B,3_stegner,scp,
1998.027778,0.513889,668,462.5,3.stegner_SCP_JRBP2018VC01B,3_stegner,scp,
1997.076923,0.5192305,745,516,3.stegner_SCP_JRBP2018VC01B,3_stegner,scp,
1995.5625,0.53125,444,435,3.stegner_SCP_JRBP2018VC01B,3_stegner,scp,
1994.75,0.5416665,314,308,3.stegner_SCP_JRBP2018VC01B,3_stegner,scp,
1993.961538,0.5384615,550,380.5,3.stegner_SCP_JRBP2018VC01B,3_stegner,scp,
1993.055556,0.555556,403,394.5,3.stegner_SCP_JRBP2018VC01B,3_stegner,scp,
1991.666667,0.5833335,339,331.5,3.stegner_SCP_JRBP2018VC01B,3_stegner,scp,
1990,0.5833335,642,444.5,3.stegner_SCP_JRBP2018VC01B,3_stegner,scp,
1988.25,0.625,0,0,3.stegner_SCP_JRBP2018VC01B,3_stegner,scp,
1985.166667,0.666667,295,288.5,3.stegner_SCP_JRBP2018VC01B,3_stegner,scp,
1983.409091,0.613636,0,0,3.stegner_SCP_JRBP2018VC01B,3_stegner,scp,
1982.5,1.125,325,318.5,3.stegner_SCP_JRBP2018VC01B,3_stegner,scp,
1979.9,1.1,570,395,3.stegner_SCP_JRBP2018VC01B,3_stegner,scp,
1977,1.25,297,291,3.stegner_SCP_JRBP2018VC01B,3_stegner,scp,
1975.5,1.1,1578,773,3.stegner_SCP_JRBP2018VC01B,3_stegner,scp,
1973.277778,1.0555555,2042,895.5,3.stegner_SCP_JRBP2018VC01B,3_stegner,scp,
1972,1.0833335,283,277,3.stegner_SCP_JRBP2018VC01B,3_stegner,scp,
1970.625,1.0625,1646,721.5,3.stegner_SCP_JRBP2018VC01B,3_stegner,scp,
1968.333333,1.083333,1008,493.5,3.stegner_SCP_JRBP2018VC01B,3_stegner,scp,
1967.045455,0.7954545,264,258.5,3.stegner_SCP_JRBP2018VC01B,3_stegner,scp,
1966.214286,0.5357145,956,468.5,3.stegner_SCP_JRBP2018VC01B,3_stegner,scp,
1965.5,0.5833335,323,317,3.stegner_SCP_JRBP2018VC01B,3_stegner,scp,
1963.75,0.525,0,0,3.stegner_SCP_JRBP2018VC01B,3_stegner,scp,
1963.291667,0.5208335,797,552,3.stegner_SCP_JRBP2018VC01B,3_stegner,scp,
1962.272727,0.522727,0,0,3.stegner_SCP_JRBP2018VC01B,3_stegner,scp,
1961.818182,0.5227275,0,0,3.stegner_SCP_JRBP2018VC01B,3_stegner,scp,
1960.75,0.625,649,449.5,3.stegner_SCP_JRBP2018VC01B,3_stegner,scp,
1959.75,0.5416665,416,407.5,3.stegner_SCP_JRBP2018VC01B,3_stegner,scp,
1958.333333,0.583333,0,0,3.stegner_SCP_JRBP2018VC01B,3_stegner,scp,
1956.875,0.5625,0,0,3.stegner_SCP_JRBP2018VC01B,3_stegner,scp,
1955.5,0.5172415,0,0,3.stegner_SCP_JRBP2018VC01B,3_stegner,scp,
1955.155172,0.517241,0,0,3.stegner_SCP_JRBP2018VC01B,3_stegner,scp,
1954.810345,0.5172415,1331,753,3.stegner_SCP_JRBP2018VC01B,3_stegner,scp,
1954.166667,0.5416665,1345,659,3.stegner_SCP_JRBP2018VC01B,3_stegner,scp,
1953,0.28125,0,0,3.stegner_SCP_JRBP2018VC01B,3_stegner,scp,
1952.5,0.5,0,0,3.stegner_SCP_JRBP2018VC01B,3_stegner,scp,
1950.3,0.3,329,321.5,3.stegner_SCP_JRBP2018VC01B,3_stegner,scp,
1949.166667,0.3333335,0,0,3.stegner_SCP_JRBP2018VC01B,3_stegner,scp,
1947.833333,0.3055555,930,526.5,3.stegner_SCP_JRBP2018VC01B,3_stegner,scp,
1946.722222,0.3055555,0,0,3.stegner_SCP_JRBP2018VC01B,3_stegner,scp,
1945.3,0.35,304,297.5,3.stegner_SCP_JRBP2018VC01B,3_stegner,scp,
1942.333333,0.7083335,854,483.5,3.stegner_SCP_JRBP2018VC01B,3_stegner,scp,
1939.02381,1.5238095,535,524,3.stegner_SCP_JRBP2018VC01B,3_stegner,scp,
1937.769231,2.019231,351,344.5,3.stegner_SCP_JRBP2018VC01B,3_stegner,scp,
1936.266667,2.016667,920,637.5,3.stegner_SCP_JRBP2018VC01B,3_stegner,scp,
1934.961538,2.0384615,467,457.5,3.stegner_SCP_JRBP2018VC01B,3_stegner,scp,
1931.875,2.0208335,0,0,3.stegner_SCP_JRBP2018VC01B,3_stegner,scp,
1929.75,2.025,0,0,3.stegner_SCP_JRBP2018VC01B,3_stegner,scp,
1928.34375,2.015625,0,0,3.stegner_SCP_JRBP2018VC01B,3_stegner,scp,
1925.287234,2.0106385,0,0,3.stegner_SCP_JRBP2018VC01B,3_stegner,scp,
1923.372093,2.005814,0,0,3.stegner_SCP_JRBP2018VC01B,3_stegner,scp,
1922.674419,2.005814,0,0,3.stegner_SCP_JRBP2018VC01B,3_stegner,scp,
1921.236842,2.0263155,0,0,3.stegner_SCP_JRBP2018VC01B,3_stegner,scp,
1918.15,2.025,0,0,3.stegner_SCP_JRBP2018VC01B,3_stegner,scp,
1915.366667,2.0333335,0,0,3.stegner_SCP_JRBP2018VC01B,3_stegner,scp,
1912.978261,2.021739,0,0,3.stegner_SCP_JRBP2018VC01B,3_stegner,scp,
1909.375,3.03125,0,0,3.stegner_SCP_JRBP2018VC01B,3_stegner,scp,
1907.289474,3.0052635,0,0,3.stegner_SCP_JRBP2018VC01B,3_stegner,scp,
1906.657895,3.0052635,0,0,3.stegner_SCP_JRBP2018VC01B,3_stegner,scp,
1904.833333,3.0138885,0,0,3.stegner_SCP_JRBP2018VC01B,3_stegner,scp,
1903.520408,3.010204,0,0,3.stegner_SCP_JRBP2018VC01B,3_stegner,scp,
1901.685185,3.0185185,0,0,3.stegner_SCP_JRBP2018VC01B,3_stegner,scp,
1996.5,1.5,0.0008507216,0.0002141404,4.mccarthy_239240Pu_combined,4_mccarthy,pu,CRA19-2FT-D1
1990.5,1.5,0.0007980891,0.0002144106,4.mccarthy_239240Pu_combined,4_mccarthy,pu,CRA19-2FT-D1
1984.5,1.5,0.0010714644,0.0002302528,4.mccarthy_239240Pu_combined,4_mccarthy,pu,ages are mean of intervals and errors are distance of the boundary to the mean
1978.5,1.5,0.0021118365,0.0003812102,4.mccarthy_239240Pu_combined,4_mccarthy,pu,ages are corrected by adding 1 year as explained In McCarthy et al.(2024)
1973.5,0.5,0.0032224037,0.000425636,4.mccarthy_239240Pu_combined,4_mccarthy,pu,CRA19-2FT-D1
1971.5,0.5,0.0042481595,0.000518998,4.mccarthy_239240Pu_combined,4_mccarthy,pu,CRA19-2FT-D1
1966.5,1.5,0.0178030528,0.0019602867,4.mccarthy_239240Pu_combined,4_mccarthy,pu,CRA19-2FT-D1
1960.5,1.5,0.0140297816,0.0015361676,4.mccarthy_239240Pu_combined,4_mccarthy,pu,CRA19-2FT-D1
1957.5,0.5,0.0138845468,0.0015139098,4.mccarthy_239240Pu_combined,4_mccarthy,pu,CRA19-2FT-D1
1952.5,1.5,0.0047627368,0.000556516,4.mccarthy_239240Pu_combined,4_mccarthy,pu,CRA19-2FT-D1
1947.5,0.5,0.0011572504,0.0002067649,4.mccarthy_239240Pu_combined,4_mccarthy,pu,CRA19-2FT-D1
1944.5,1.5,0.0003400257,0.0000920726,4.mccarthy_239240Pu_combined,4_mccarthy,pu,CRA19-2FT-D1
1941.5,0.5,0.000192722,0.0000711453,4.mccarthy_239240Pu_combined,4_mccarthy,pu,CRA19-2FT-D1
1939.5,0.5,0.000117871,0.0000515952,4.mccarthy_239240Pu_combined,4_mccarthy,pu,CRA19-2FT-D1
1935.5,0.5,0.0003770624,0.0000896349,4.mccarthy_239240Pu_combined,4_mccarthy,pu,CRA19-2FT-D1
1949.5,0.5,0.0006,NA,4.mccarthy_239240Pu_combined,4_mccarthy,pu,CRA23-BC-1F-A
1950.5,0.5,0.0011,NA,4.mccarthy_239240Pu_combined,4_mccarthy,pu,CRA23-BC-1F-A
1951.5,0.5,0.0005,NA,4.mccarthy_239240Pu_combined,4_mccarthy,pu,"ages are added 0.5 years, to represent the year"
1952.5,0.5,0.0036,0.0002,4.mccarthy_239240Pu_combined,4_mccarthy,pu,age errors are given 0.5
1953.5,0.5,0.0059,0.0002,4.mccarthy_239240Pu_combined,4_mccarthy,pu,CRA23-BC-1F-A
1954.5,0.5,0.0088,0.0003,4.mccarthy_239240Pu_combined,4_mccarthy,pu,CRA23-BC-1F-A
1955.5,0.5,0.0094,0.0005,4.mccarthy_239240Pu_combined,4_mccarthy,pu,CRA23-BC-1F-A
1956.5,0.5,0.0144,0.0005,4.mccarthy_239240Pu_combined,4_mccarthy,pu,CRA23-BC-1F-A
1957.5,0.5,0.0123,0.0006,4.mccarthy_239240Pu_combined,4_mccarthy,pu,CRA23-BC-1F-A
1958.5,0.5,0.0132,0.0007,4.mccarthy_239240Pu_combined,4_mccarthy,pu,CRA23-BC-1F-A
1959.5,0.5,0.0137,0.0004,4.mccarthy_239240Pu_combined,4_mccarthy,pu,CRA23-BC-1F-A
1960.5,0.5,0.0104,0.0006,4.mccarthy_239240Pu_combined,4_mccarthy,pu,CRA23-BC-1F-A
1961.5,0.5,0.0175,0.0008,4.mccarthy_239240Pu_combined,4_mccarthy,pu,CRA23-BC-1F-A
1962.5,0.5,0.0278,0.0013,4.mccarthy_239240Pu_combined,4_mccarthy,pu,CRA23-BC-1F-A
1963.5,0.5,0.0299,0.0017,4.mccarthy_239240Pu_combined,4_mccarthy,pu,CRA23-BC-1F-A
1964.5,0.5,0.0278,0.001,4.mccarthy_239240Pu_combined,4_mccarthy,pu,CRA23-BC-1F-A
1965.5,0.5,0.026,0.001,4.mccarthy_239240Pu_combined,4_mccarthy,pu,CRA23-BC-1F-A
1966.5,0.5,0.0211,0.0004,4.mccarthy_239240Pu_combined,4_mccarthy,pu,CRA23-BC-1F-A
1909.5,2.5,0.0001,NA,4.mccarthy_239240Pu_combined,4_mccarthy,pu,CRA22-1FT-3
1927.5,2.5,0.0001,NA,4.mccarthy_239240Pu_combined,4_mccarthy,pu,ages are mean of intervals and errors are distance of the boundary to the mean
1936.5,1.5,0.0001,NA,4.mccarthy_239240Pu_combined,4_mccarthy,pu,CRA22-1FT-3
1950.5,1.5,0.0007,0.0002,4.mccarthy_239240Pu_combined,4_mccarthy,pu,CRA22-1FT-3
1957.5,2.5,0.0143,0.0016,4.mccarthy_239240Pu_combined,4_mccarthy,pu,CRA22-1FT-3
1967.5,2.5,0.0102,0.0013,4.mccarthy_239240Pu_combined,4_mccarthy,pu,CRA22-1FT-3
1979,2,0.0045,0.0006,4.mccarthy_239240Pu_combined,4_mccarthy,pu,CRA22-1FT-3
1985.5,2.5,0.0022,0.0003,4.mccarthy_239240Pu_combined,4_mccarthy,pu,CRA22-1FT-3
1999.5,2.5,0.0006,0.0002,4.mccarthy_239240Pu_combined,4_mccarthy,pu,CRA22-1FT-3
1997.5,2.5,1701,292.558209325613,4.mccarthy_SCP_CRA192FTB2,4_mccarthy,scp,ages are mean of intervals and errors are distance of the boundary to the mean
1992.5,1.5,2102,221.352018195484,4.mccarthy_SCP_CRA192FTB2,4_mccarthy,scp,measurement s.d.= (U-L)/(2*1.645)
1990,1,2184,250.357936172453,4.mccarthy_SCP_CRA192FTB2,4_mccarthy,scp,
1986.5,2.5,2241,278.337016117098,4.mccarthy_SCP_CRA192FTB2,4_mccarthy,scp,
1981.5,1.5,6793,572.331506429082,4.mccarthy_SCP_CRA192FTB2,4_mccarthy,scp,
1979,1,2265,259.739004516866,4.mccarthy_SCP_CRA192FTB2,4_mccarthy,scp,
1977,1,3744,382.504806715073,4.mccarthy_SCP_CRA192FTB2,4_mccarthy,scp,
1975,1,5178,465.001391424806,4.mccarthy_SCP_CRA192FTB2,4_mccarthy,scp,
1972.5,1.5,5658,442.581879811257,4.mccarthy_SCP_CRA192FTB2,4_mccarthy,scp,
1969.5,1.5,4962,406.045350657577,4.mccarthy_SCP_CRA192FTB2,4_mccarthy,scp,
1966.5,1,8410,531.080145365477,4.mccarthy_SCP_CRA192FTB2,4_mccarthy,scp,
1964,1,9322,591.997908322634,4.mccarthy_SCP_CRA192FTB2,4_mccarthy,scp,
1962,1,7725,589.204125723416,4.mccarthy_SCP_CRA192FTB2,4_mccarthy,scp,
1960,1,10520,709.625128019645,4.mccarthy_SCP_CRA192FTB2,4_mccarthy,scp,
1957,1,7906,551.225748345254,4.mccarthy_SCP_CRA192FTB2,4_mccarthy,scp,
1954,1,17201,1242.69399614462,4.mccarthy_SCP_CRA192FTB2,4_mccarthy,scp,
1951,1,3836,404.021085651925,4.mccarthy_SCP_CRA192FTB2,4_mccarthy,scp,
1948,1,1933,364.073287693898,4.mccarthy_SCP_CRA192FTB2,4_mccarthy,scp,
1945,1,1418,267.174502497298,4.mccarthy_SCP_CRA192FTB2,4_mccarthy,scp,
1942,1,1829,487.244870610747,4.mccarthy_SCP_CRA192FTB2,4_mccarthy,scp,
1939,1,838,203.919654815925,4.mccarthy_SCP_CRA192FTB2,4_mccarthy,scp,
1935,2,328,112.663654763517,4.mccarthy_SCP_CRA192FTB2,4_mccarthy,scp,
1928.5,1.5,783,233.310357104039,4.mccarthy_SCP_CRA192FTB2,4_mccarthy,scp,
1919.5,1.5,307,129.240776121228,4.mccarthy_SCP_CRA192FTB2,4_mccarthy,scp,
1910.5,1.5,107,64.0220271254536,4.mccarthy_SCP_CRA192FTB2,4_mccarthy,scp,
1906.5,1.5,216,90.8168919707373,4.mccarthy_SCP_CRA192FTB2,4_mccarthy,scp,
1901,1,405,120.702773541794,4.mccarthy_SCP_CRA192FTB2,4_mccarthy,scp,
1899.5,1.5,0,0,4.mccarthy_SCP_CRA192FTB2,4_mccarthy,scp,
1896,1,252,106.215760773705,4.mccarthy_SCP_CRA192FTB2,4_mccarthy,scp,
1892.5,1.5,168,100.164116883565,4.mccarthy_SCP_CRA192FTB2,4_mccarthy,scp,
1881.5,1.5,0,0,4.mccarthy_SCP_CRA192FTB2,4_mccarthy,scp,
1877.5,1.5,0,0,4.mccarthy_SCP_CRA192FTB2,4_mccarthy,scp,
1874,1,190,80.0702078301122,4.mccarthy_SCP_CRA192FTB2,4_mccarthy,scp,
1871,1,100,59.3108768394101,4.mccarthy_SCP_CRA192FTB2,4_mccarthy,scp,
1867.5,1.5,245,103.237449099252,4.mccarthy_SCP_CRA192FTB2,4_mccarthy,scp,
1863,2,0,0,4.mccarthy_SCP_CRA192FTB2,4_mccarthy,scp,
1851,1,0,0,4.mccarthy_SCP_CRA192FTB2,4_mccarthy,scp,
1976.5,1.5,1.4331,0.0042,4.mccarthy_F14C_CRA191FRA,4_mccarthy,f14c,ages are mean of intervals and errors are distance of the boundary to the mean
1966,1,1.0825,0.0031,4.mccarthy_F14C_CRA191FRA,4_mccarthy,f14c,
1959,1,1.0493,0.003,4.mccarthy_F14C_CRA191FRA,4_mccarthy,f14c,
1952.5,0.5,0.8883,0.0025,4.mccarthy_F14C_CRA191FRA,4_mccarthy,f14c,
1949.5,1.5,0.8658,0.0025,4.mccarthy_F14C_CRA191FRA,4_mccarthy,f14c,
1935,2,0.8643,0.0026,4.mccarthy_F14C_CRA191FRA,4_mccarthy,f14c,
2020.1,0,0.97,0.14,5.han_239240Pu_SHLW21Fr13,5_han,pu,
2018.6,0,1,0.12,5.han_239240Pu_SHLW21Fr13,5_han,pu,
2016.8,0,0.98,0.12,5.han_239240Pu_SHLW21Fr13,5_han,pu,
2014.6,0,1.07,0.09,5.han_239240Pu_SHLW21Fr13,5_han,pu,
2012.4,0,1.18,0.09,5.han_239240Pu_SHLW21Fr13,5_han,pu,
2010.1,0,0.97,0.16,5.han_239240Pu_SHLW21Fr13,5_han,pu,
2008.5,0,0.83,0.11,5.han_239240Pu_SHLW21Fr13,5_han,pu,
2005.5,0,0.85,0.08,5.han_239240Pu_SHLW21Fr13,5_han,pu,
2001.8,0,0.94,0.08,5.han_239240Pu_SHLW21Fr13,5_han,pu,
1998.9,0,1.1,0.15,5.han_239240Pu_SHLW21Fr13,5_han,pu,
1996.8,0,1.36,0.14,5.han_239240Pu_SHLW21Fr13,5_han,pu,
1994.8,0,1.49,0.23,5.han_239240Pu_SHLW21Fr13,5_han,pu,
1992.9,0,1.65,0.25,5.han_239240Pu_SHLW21Fr13,5_han,pu,
1990.5,0,2.1,0.18,5.han_239240Pu_SHLW21Fr13,5_han,pu,
1988.7,0,2.28,0.13,5.han_239240Pu_SHLW21Fr13,5_han,pu,
1986.9,0,2.07,0.16,5.han_239240Pu_SHLW21Fr13,5_han,pu,
1984.7,0,1.77,0.15,5.han_239240Pu_SHLW21Fr13,5_han,pu,
1982.4,0,1.78,0.15,5.han_239240Pu_SHLW21Fr13,5_han,pu,
1979.4,0,2.72,0.23,5.han_239240Pu_SHLW21Fr13,5_han,pu,
1977.7,0,3.83,0.14,5.han_239240Pu_SHLW21Fr13,5_han,pu,
1976,0,5.49,0.64,5.han_239240Pu_SHLW21Fr13,5_han,pu,
1974,0,7.36,0.51,5.han_239240Pu_SHLW21Fr13,5_han,pu,
1971.8,0,10.32,0.44,5.han_239240Pu_SHLW21Fr13,5_han,pu,
1969.6,0,14.51,0.7,5.han_239240Pu_SHLW21Fr13,5_han,pu,
1968.2,0,19.04,0.61,5.han_239240Pu_SHLW21Fr13,5_han,pu,
1966.7,0,26.18,0.86,5.han_239240Pu_SHLW21Fr13,5_han,pu,
1965,0,38.35,0.84,5.han_239240Pu_SHLW21Fr13,5_han,pu,
1963.9,0,41.3,1.11,5.han_239240Pu_SHLW21Fr13,5_han,pu,
1962.8,0,46.89,1.39,5.han_239240Pu_SHLW21Fr13,5_han,pu,
1960.6,0,43.1,1.57,5.han_239240Pu_SHLW21Fr13,5_han,pu,
1958.6,0,29.77,1.16,5.han_239240Pu_SHLW21Fr13,5_han,pu,
1956.6,0,22.85,0.89,5.han_239240Pu_SHLW21Fr13,5_han,pu,
1952.7,0,11.49,0.29,5.han_239240Pu_SHLW21Fr13,5_han,pu,
1947.6,3,3.38,0.14,5.han_239240Pu_SHLW21Fr13,5_han,pu,
1945.3,3,3.94,0.19,5.han_239240Pu_SHLW21Fr13,5_han,pu,
1942.3,3,1.72,0.09,5.han_239240Pu_SHLW21Fr13,5_han,pu,
1939.4,3,1.51,0.25,5.han_239240Pu_SHLW21Fr13,5_han,pu,
1937,3,0.91,0.08,5.han_239240Pu_SHLW21Fr13,5_han,pu,
1934.4,3,0.83,0.1,5.han_239240Pu_SHLW21Fr13,5_han,pu,
1931.9,3,0.81,0.07,5.han_239240Pu_SHLW21Fr13,5_han,pu,
1929.8,3,0.67,0.07,5.han_239240Pu_SHLW21Fr13,5_han,pu,
1927.7,3,0.7,0.06,5.han_239240Pu_SHLW21Fr13,5_han,pu,
1925,3,0.62,0.07,5.han_239240Pu_SHLW21Fr13,5_han,pu,
1922.8,3,0.67,0.07,5.han_239240Pu_SHLW21Fr13,5_han,pu,
1918.8,3,0.52,0.08,5.han_239240Pu_SHLW21Fr13,5_han,pu,
1916.5,3,0.54,0.03,5.han_239240Pu_SHLW21Fr13,5_han,pu,
1913.6,3,0.57,0.05,5.han_239240Pu_SHLW21Fr13,5_han,pu,
1908.6,3,0.62,0.06,5.han_239240Pu_SHLW21Fr13,5_han,pu,
1904.4,3,0.35,0.04,5.han_239240Pu_SHLW21Fr13,5_han,pu,
1902.7,3,0.31,0.09,5.han_239240Pu_SHLW21Fr13,5_han,pu,
1900.6,3,0.29,0.05,5.han_239240Pu_SHLW21Fr13,5_han,pu,
1898,3,0.31,0.04,5.han_239240Pu_SHLW21Fr13,5_han,pu,
1895.3,3,0.35,0.06,5.han_239240Pu_SHLW21Fr13,5_han,pu,
1892.9,3,0.24,0.07,5.han_239240Pu_SHLW21Fr13,5_han,pu,
1890.9,3,0.28,0.05,5.han_239240Pu_SHLW21Fr13,5_han,pu,
1887.7,3,0.22,0.02,5.han_239240Pu_SHLW21Fr13,5_han,pu,
1882.8,3,0.24,0.04,5.han_239240Pu_SHLW21Fr13,5_han,pu,
1878.1,3,0.17,0.03,5.han_239240Pu_SHLW21Fr13,5_han,pu,
1873.3,3,0.18,0.02,5.han_239240Pu_SHLW21Fr13,5_han,pu,
1868.2,3,0.16,0.02,5.han_239240Pu_SHLW21Fr13,5_han,pu,
1862.4,3,0.16,0.02,5.han_239240Pu_SHLW21Fr13,5_han,pu,
1858.1,3,0.15,0.01,5.han_239240Pu_SHLW21Fr13,5_han,pu,
2018.1,0,648,64.8,5.han_SCP_SHLW21Fr1,5_han,scp,measurement errors 10% according to Rose 2008
2016.4,0,3123,312.3,5.han_SCP_SHLW21Fr1,5_han,scp,
2012.7,0,1218,121.8,5.han_SCP_SHLW21Fr1,5_han,scp,
2010,0,2430,243,5.han_SCP_SHLW21Fr1,5_han,scp,
2006.9,0,2848,284.8,5.han_SCP_SHLW21Fr1,5_han,scp,
2003.7,0,5333,533.3,5.han_SCP_SHLW21Fr1,5_han,scp,
2000.3,0,3941,394.1,5.han_SCP_SHLW21Fr1,5_han,scp,
1995.7,0,6402,640.2,5.han_SCP_SHLW21Fr1,5_han,scp,
1991.4,0,8558,855.8,5.han_SCP_SHLW21Fr1,5_han,scp,
1984.9,0,5378,537.8,5.han_SCP_SHLW21Fr1,5_han,scp,
1980.5,0,6518,651.8,5.han_SCP_SHLW21Fr1,5_han,scp,
1977.6,0,3246,324.6,5.han_SCP_SHLW21Fr1,5_han,scp,
1975.3,0,4840,484,5.han_SCP_SHLW21Fr1,5_han,scp,
1972.4,0,6747,674.7,5.han_SCP_SHLW21Fr1,5_han,scp,
1970.1,0,3020,302,5.han_SCP_SHLW21Fr1,5_han,scp,
1967.1,0,3593,359.3,5.han_SCP_SHLW21Fr1,5_han,scp,
1963,0,920,92,5.han_SCP_SHLW21Fr1,5_han,scp,
1959.7,0,1532,153.2,5.han_SCP_SHLW21Fr1,5_han,scp,
1955.2,0,683,68.3,5.han_SCP_SHLW21Fr1,5_han,scp,
1950.1,0,189,18.9,5.han_SCP_SHLW21Fr1,5_han,scp,
1945.3,3,247,24.7,5.han_SCP_SHLW21Fr1,5_han,scp,
1940.8,3,155,15.5,5.han_SCP_SHLW21Fr1,5_han,scp,
1936.9,3,0,0,5.han_SCP_SHLW21Fr1,5_han,scp,
1932.3,3,0,0,5.han_SCP_SHLW21Fr1,5_han,scp,
1928.4,3,0,0,5.han_SCP_SHLW21Fr1,5_han,scp,
1921.9,3,0,0,5.han_SCP_SHLW21Fr1,5_han,scp,
1917.7,3,0,0,5.han_SCP_SHLW21Fr1,5_han,scp,
1913.2,3,0,0,5.han_SCP_SHLW21Fr1,5_han,scp,
1908.7,3,0,0,5.han_SCP_SHLW21Fr1,5_han,scp,
1903.8,3,0,0,5.han_SCP_SHLW21Fr1,5_han,scp,
1897.9,3,0,0,5.han_SCP_SHLW21Fr1,5_han,scp,
1892.9,3,0,0,5.han_SCP_SHLW21Fr1,5_han,scp,
1888.8,3,0,0,5.han_SCP_SHLW21Fr1,5_han,scp,
1884.9,3,0,0,5.han_SCP_SHLW21Fr1,5_han,scp,
1882.6,3,0,0,5.han_SCP_SHLW21Fr1,5_han,scp,
1878.4,3,0,0,5.han_SCP_SHLW21Fr1,5_han,scp,
1873.5,3,0,0,5.han_SCP_SHLW21Fr1,5_han,scp,
1868.2,3,0,0,5.han_SCP_SHLW21Fr1,5_han,scp,
1863.5,3,0,0,5.han_SCP_SHLW21Fr1,5_han,scp,
1980,1,0.0000965733,0.000052,6.zinke_239240Pu_FLI01A,6_zinke,pu,
1966,1,0.00016156,0.000049,6.zinke_239240Pu_FLI01A,6_zinke,pu,
1964,1,0.0000523847,0.00003,6.zinke_239240Pu_FLI01A,6_zinke,pu,
1962,1,0.00005905,0.000025,6.zinke_239240Pu_FLI01A,6_zinke,pu,
1960,1,0.000171002,0.000059,6.zinke_239240Pu_FLI01A,6_zinke,pu,
1958,1,0.000123181,0.000038,6.zinke_239240Pu_FLI01A,6_zinke,pu,
1956,1,0.0000600644,0.000038,6.zinke_239240Pu_FLI01A,6_zinke,pu,
1954,1,0.000117438,0.000038,6.zinke_239240Pu_FLI01A,6_zinke,pu,
1940,1,0.000059096,NA,6.zinke_239240Pu_FLI01A,6_zinke,pu,
2010,1,1.062,0.00284518,6.zinke_F14C_FLI01A_FL105A,6_zinke,f14c,
2000,1,1.093,0.00291974,6.zinke_F14C_FLI01A_FL105A,6_zinke,f14c,
1990,1,1.112,0.00296684,6.zinke_F14C_FLI01A_FL105A,6_zinke,f14c,
1979,1,1.137,0.00302126,6.zinke_F14C_FLI01A_FL105A,6_zinke,f14c,
1975,1,1.134,0.00301642,6.zinke_F14C_FLI01A_FL105A,6_zinke,f14c,
1970,1,1.11,0.00295585,6.zinke_F14C_FLI01A_FL105A,6_zinke,f14c,
1967,1,1.085,0.0028963,6.zinke_F14C_FLI01A_FL105A,6_zinke,f14c,
1966,1,1.062,0.00285552,6.zinke_F14C_FLI01A_FL105A,6_zinke,f14c,
1965,1,1.055,0.00283608,6.zinke_F14C_FLI01A_FL105A,6_zinke,f14c,
1964,1,1.034,0.00278597,6.zinke_F14C_FLI01A_FL105A,6_zinke,f14c,
1963,1,1.004,0.00271671,6.zinke_F14C_FLI01A_FL105A,6_zinke,f14c,
1962,1,0.99,0.00268168,6.zinke_F14C_FLI01A_FL105A,6_zinke,f14c,
1961,1,0.982,0.00267451,6.zinke_F14C_FLI01A_FL105A,6_zinke,f14c,
1960,1,0.973,0.00264222,6.zinke_F14C_FLI01A_FL105A,6_zinke,f14c,
1959,1,0.96,0.00403187,6.zinke_F14C_FLI01A_FL105A,6_zinke,f14c,
1958,1,0.951,0.00262333,6.zinke_F14C_FLI01A_FL105A,6_zinke,f14c,
1957,1,0.946,0.00259088,6.zinke_F14C_FLI01A_FL105A,6_zinke,f14c,
1953,1,0.951,0.00433469,6.zinke_F14C_FLI01A_FL105A,6_zinke,f14c,
1952,1,0.943,0.00257767,6.zinke_F14C_FLI01A_FL105A,6_zinke,f14c,
1951,1,0.947,0.00258471,6.zinke_F14C_FLI01A_FL105A,6_zinke,f14c,
1950,1,0.948,0.00259139,6.zinke_F14C_FLI01A_FL105A,6_zinke,f14c,
1945,1,0.947,0.00260118,6.zinke_F14C_FLI01A_FL105A,6_zinke,f14c,
1940,1,0.946,0.00258213,6.zinke_F14C_FLI01A_FL105A,6_zinke,f14c,
1935,1,0.95,0.00259699,6.zinke_F14C_FLI01A_FL105A,6_zinke,f14c,
1930,1,0.947,0.00258694,6.zinke_F14C_FLI01A_FL105A,6_zinke,f14c,
2000,0,0.108,NA,7.delong_239240Pu_05WFGB3,7_delong,pu,
1980,0,0.188,NA,7.delong_239240Pu_05WFGB3,7_delong,pu,
1970,0,0.138,NA,7.delong_239240Pu_05WFGB3,7_delong,pu,
1966,0,0.114,0.068,7.delong_239240Pu_05WFGB3,7_delong,pu,
1964,0,0.336,0.141,7.delong_239240Pu_05WFGB3,7_delong,pu,
1962,0,0.184,0.072,7.delong_239240Pu_05WFGB3,7_delong,pu,
1960,0,0.145,0.077,7.delong_239240Pu_05WFGB3,7_delong,pu,
1958,0,0.198,0.103,7.delong_239240Pu_05WFGB3,7_delong,pu,
1956,0,0.225,0.112,7.delong_239240Pu_05WFGB3,7_delong,pu,
1954,0,0.14,0.083,7.delong_239240Pu_05WFGB3,7_delong,pu,
1952,0,0.088,NA,7.delong_239240Pu_05WFGB3,7_delong,pu,Age error based on the conclusion
1950,0,0.092,0.044,7.delong_239240Pu_05WFGB3,7_delong,pu,
1945,0,0.139,NA,7.delong_239240Pu_05WFGB3,7_delong,pu,
1936,0,0.085,NA,7.delong_239240Pu_05WFGB3,7_delong,pu,
2005,0,1.083,0.0029,7.delong_F14C_05WFGB3,7_delong,f14c,
2004,0,1.085,0.0029,7.delong_F14C_05WFGB3,7_delong,f14c,
2000,0,1.097,0.003,7.delong_F14C_05WFGB3,7_delong,f14c,
1999,0,1.095,0.003,7.delong_F14C_05WFGB3,7_delong,f14c,
1990,0,1.117,0.003,7.delong_F14C_05WFGB3,7_delong,f14c,
1980,0,1.144,0.003,7.delong_F14C_05WFGB3,7_delong,f14c,Age error based on the conclusion
1975,0,1.166,0.0031,7.delong_F14C_05WFGB3,7_delong,f14c,
1970,0,1.173,0.0031,7.delong_F14C_05WFGB3,7_delong,f14c,
1967,0,1.146,0.0031,7.delong_F14C_05WFGB3,7_delong,f14c,
1966,0,1.137,0.003,7.delong_F14C_05WFGB3,7_delong,f14c,
1965,0,1.119,0.003,7.delong_F14C_05WFGB3,7_delong,f14c,
1964,0,1.109,0.003,7.delong_F14C_05WFGB3,7_delong,f14c,
1963,0,1.086,0.0029,7.delong_F14C_05WFGB3,7_delong,f14c,
1962,0,1.053,0.0029,7.delong_F14C_05WFGB3,7_delong,f14c,
1961,0,1.005,0.0027,7.delong_F14C_05WFGB3,7_delong,f14c,
1960,0,0.991,0.0027,7.delong_F14C_05WFGB3,7_delong,f14c,
1959,0,0.981,0.0027,7.delong_F14C_05WFGB3,7_delong,f14c,
1958,0,0.965,0.0026,7.delong_F14C_05WFGB3,7_delong,f14c,
1957,0,0.961,0.0026,7.delong_F14C_05WFGB3,7_delong,f14c,
1956,0,0.957,0.0026,7.delong_F14C_05WFGB3,7_delong,f14c,
1955,0,0.958,0.0026,7.delong_F14C_05WFGB3,7_delong,f14c,
1954,0,0.95,0.0026,7.delong_F14C_05WFGB3,7_delong,f14c,
1953,0,0.95,0.0025,7.delong_F14C_05WFGB3,7_delong,f14c,
1952,0,0.947,0.0026,7.delong_F14C_05WFGB3,7_delong,f14c,
1951,0,0.948,0.0026,7.delong_F14C_05WFGB3,7_delong,f14c,
1950,0,0.951,0.0026,7.delong_F14C_05WFGB3,7_delong,f14c,
1945,0,0.949,0.0026,7.delong_F14C_05WFGB3,7_delong,f14c,
1940,0,0.95,0.0026,7.delong_F14C_05WFGB3,7_delong,f14c,
1936,0,0.947,0.0026,7.delong_F14C_05WFGB3,7_delong,f14c,
1935,0,0.949,0.0026,7.delong_F14C_05WFGB3,7_delong,f14c,
1934,0,0.951,0.0026,7.delong_F14C_05WFGB3,7_delong,f14c,
1931,0,0.951,0.0026,7.delong_F14C_05WFGB3,7_delong,f14c,
1930,0,0.951,0.0026,7.delong_F14C_05WFGB3,7_delong,f14c,
1929,0,0.953,0.0026,7.delong_F14C_05WFGB3,7_delong,f14c,
1990.5,0.5,1.3363064538,0.6755812272,8.thomas_239240Pu_palmer,8_thomas,pu,
1986.5,0.5,0.6867459681,0,8.thomas_239240Pu_palmer,8_thomas,pu,
1980.5,0.5,1.0640695931,0.4471592923,8.thomas_239240Pu_palmer,8_thomas,pu,
1974.5,0.5,0.6424982595,0,8.thomas_239240Pu_palmer,8_thomas,pu,
1970.5,0.5,1.2587605503,0.3256456186,8.thomas_239240Pu_palmer,8_thomas,pu,
1966.5,0.5,0.5323805262,0.2455859457,8.thomas_239240Pu_palmer,8_thomas,pu,
1963.5,0.5,0.5959259625,0,8.thomas_239240Pu_palmer,8_thomas,pu,
1960.5,0.5,1.3800578723,0.379952532,8.thomas_239240Pu_palmer,8_thomas,pu,
1958.5,0.5,0.6058600911,0.2192441424,8.thomas_239240Pu_palmer,8_thomas,pu,
1954.5,0.5,0.5585164868,0.2468171641,8.thomas_239240Pu_palmer,8_thomas,pu,
1952.5,0.5,0.7615763837,0.2682314396,8.thomas_239240Pu_palmer,8_thomas,pu,
1950.5,0.5,0.8725031288,0,8.thomas_239240Pu_palmer,8_thomas,pu,
1948.5,0.5,0.4009774439,0,8.thomas_239240Pu_palmer,8_thomas,pu,
1945.5,0.5,0.3996211857,0.1511351217,8.thomas_239240Pu_palmer,8_thomas,pu,
2011.5,0,0,NA,8.thomas_SCP_palmer,8_thomas,scp,
2010.5,0,0,NA,8.thomas_SCP_palmer,8_thomas,scp,
2009.5,0,0,NA,8.thomas_SCP_palmer,8_thomas,scp,
2008.5,0,0,NA,8.thomas_SCP_palmer,8_thomas,scp,
2007.5,0,0,NA,8.thomas_SCP_palmer,8_thomas,scp,
2006.5,0,0,NA,8.thomas_SCP_palmer,8_thomas,scp,
2005.5,0,0,NA,8.thomas_SCP_palmer,8_thomas,scp,
2004.5,0,0,NA,8.thomas_SCP_palmer,8_thomas,scp,
2003.5,0,0,NA,8.thomas_SCP_palmer,8_thomas,scp,
2002.5,0,0,NA,8.thomas_SCP_palmer,8_thomas,scp,
2001.5,0,0,NA,8.thomas_SCP_palmer,8_thomas,scp,
2000.5,0,0,NA,8.thomas_SCP_palmer,8_thomas,scp,
1999.5,0,0,NA,8.thomas_SCP_palmer,8_thomas,scp,
1998.5,0,0,NA,8.thomas_SCP_palmer,8_thomas,scp,
1997.5,0,0,NA,8.thomas_SCP_palmer,8_thomas,scp,
1996.5,0,3062.787136294,NA,8.thomas_SCP_palmer,8_thomas,scp,
1995.5,0,1531.393568147,NA,8.thomas_SCP_palmer,8_thomas,scp,
1994.5,0,0,NA,8.thomas_SCP_palmer,8_thomas,scp,
1993.5,0,0,NA,8.thomas_SCP_palmer,8_thomas,scp,
1992.5,0,0,NA,8.thomas_SCP_palmer,8_thomas,scp,
1991.5,0,0,NA,8.thomas_SCP_palmer,8_thomas,scp,
1990.5,0,0,NA,8.thomas_SCP_palmer,8_thomas,scp,
1989.5,0,0,NA,8.thomas_SCP_palmer,8_thomas,scp,
1988.5,0,0,NA,8.thomas_SCP_palmer,8_thomas,scp,
1987.5,0,0,NA,8.thomas_SCP_palmer,8_thomas,scp,
1986.5,0,0,NA,8.thomas_SCP_palmer,8_thomas,scp,
1985.5,0,0,NA,8.thomas_SCP_palmer,8_thomas,scp,
1984.5,0,0,NA,8.thomas_SCP_palmer,8_thomas,scp,
1983.5,0,714.2857142857,NA,8.thomas_SCP_palmer,8_thomas,scp,
1982.5,0,1531.393568147,NA,8.thomas_SCP_palmer,8_thomas,scp,
1981.5,0,0,NA,8.thomas_SCP_palmer,8_thomas,scp,
1980.5,0,0,NA,8.thomas_SCP_palmer,8_thomas,scp,
1979.5,0,0,NA,8.thomas_SCP_palmer,8_thomas,scp,
1978.5,0,0,NA,8.thomas_SCP_palmer,8_thomas,scp,
1977.5,0,0,NA,8.thomas_SCP_palmer,8_thomas,scp,
1976.5,0,0,NA,8.thomas_SCP_palmer,8_thomas,scp,
1975.5,0,0,NA,8.thomas_SCP_palmer,8_thomas,scp,
1974.5,0,0,NA,8.thomas_SCP_palmer,8_thomas,scp,
1973.5,0,0,NA,8.thomas_SCP_palmer,8_thomas,scp,
1972.5,0,0,NA,8.thomas_SCP_palmer,8_thomas,scp,
1971.5,0,0,NA,8.thomas_SCP_palmer,8_thomas,scp,
1970.5,0,0,NA,8.thomas_SCP_palmer,8_thomas,scp,
1969.5,0,0,NA,8.thomas_SCP_palmer,8_thomas,scp,
1968.5,0,0,NA,8.thomas_SCP_palmer,8_thomas,scp,
1967.5,0,0,NA,8.thomas_SCP_palmer,8_thomas,scp,
1966.5,0,0,NA,8.thomas_SCP_palmer,8_thomas,scp,
1965.5,0,0,NA,8.thomas_SCP_palmer,8_thomas,scp,
1964.5,0,0,NA,8.thomas_SCP_palmer,8_thomas,scp,
1963.5,0,0,NA,8.thomas_SCP_palmer,8_thomas,scp,
1962.5,0,0,NA,8.thomas_SCP_palmer,8_thomas,scp,
1961.5,0,0,NA,8.thomas_SCP_palmer,8_thomas,scp,
1960.5,0,0,NA,8.thomas_SCP_palmer,8_thomas,scp,
1959.5,2.5,1531.393568147,NA,8.thomas_SCP_palmer,8_thomas,scp,
1958.5,0,0,NA,8.thomas_SCP_palmer,8_thomas,scp,
1957.5,0,0,NA,8.thomas_SCP_palmer,8_thomas,scp,
1956.5,0,0,NA,8.thomas_SCP_palmer,8_thomas,scp,
1955.5,0,0,NA,8.thomas_SCP_palmer,8_thomas,scp,
1954.5,0,0,NA,8.thomas_SCP_palmer,8_thomas,scp,
1953.5,0,0,NA,8.thomas_SCP_palmer,8_thomas,scp,
1952.5,0,0,NA,8.thomas_SCP_palmer,8_thomas,scp,
1951.5,0,0,NA,8.thomas_SCP_palmer,8_thomas,scp,
1950.5,0,714.2857142857,NA,8.thomas_SCP_palmer,8_thomas,scp,
1949.5,0,0,NA,8.thomas_SCP_palmer,8_thomas,scp,
1948.5,0,0,NA,8.thomas_SCP_palmer,8_thomas,scp,
1947.5,0,0,NA,8.thomas_SCP_palmer,8_thomas,scp,
1946.5,0,0,NA,8.thomas_SCP_palmer,8_thomas,scp,
1945.5,0,0,NA,8.thomas_SCP_palmer,8_thomas,scp,
1944.5,0,0,NA,8.thomas_SCP_palmer,8_thomas,scp,
1943.5,0,1428.5714285714,NA,8.thomas_SCP_palmer,8_thomas,scp,
1942.5,0,0,NA,8.thomas_SCP_palmer,8_thomas,scp,
1941.5,0,0,NA,8.thomas_SCP_palmer,8_thomas,scp,
1940.5,0,0,NA,8.thomas_SCP_palmer,8_thomas,scp,
1939.5,0,0,NA,8.thomas_SCP_palmer,8_thomas,scp,
1938.5,0,0,NA,8.thomas_SCP_palmer,8_thomas,scp,
1937.5,0,0,NA,8.thomas_SCP_palmer,8_thomas,scp,
1936.5,0,714.2857142857,NA,8.thomas_SCP_palmer,8_thomas,scp,
1935.5,0,0,NA,8.thomas_SCP_palmer,8_thomas,scp,
1934.5,4,1531.393568147,NA,8.thomas_SCP_palmer,8_thomas,scp,
1933.5,0,0,NA,8.thomas_SCP_palmer,8_thomas,scp,
1932.5,0,0,NA,8.thomas_SCP_palmer,8_thomas,scp,
1931.5,0,0,NA,8.thomas_SCP_palmer,8_thomas,scp,
1930.5,0,0,NA,8.thomas_SCP_palmer,8_thomas,scp,
1929.5,0,0,NA,8.thomas_SCP_palmer,8_thomas,scp,
1928.5,0,0,NA,8.thomas_SCP_palmer,8_thomas,scp,
1927.5,0,0,NA,8.thomas_SCP_palmer,8_thomas,scp,
1926.5,0,0,NA,8.thomas_SCP_palmer,8_thomas,scp,
1925.5,0,0,NA,8.thomas_SCP_palmer,8_thomas,scp,
1924.5,0,0,NA,8.thomas_SCP_palmer,8_thomas,scp,
1923.5,0,0,NA,8.thomas_SCP_palmer,8_thomas,scp,
1922.5,0,0,NA,8.thomas_SCP_palmer,8_thomas,scp,
1921.5,0,0,NA,8.thomas_SCP_palmer,8_thomas,scp,
1920.5,0,0,NA,8.thomas_SCP_palmer,8_thomas,scp,
1919.5,0,0,NA,8.thomas_SCP_palmer,8_thomas,scp,
1918.5,0,0,NA,8.thomas_SCP_palmer,8_thomas,scp,
1917.5,0,0,NA,8.thomas_SCP_palmer,8_thomas,scp,
1916.5,0,0,NA,8.thomas_SCP_palmer,8_thomas,scp,
1915.5,0,0,NA,8.thomas_SCP_palmer,8_thomas,scp,
1914.5,0,0,NA,8.thomas_SCP_palmer,8_thomas,scp,
1913.5,0,0,NA,8.thomas_SCP_palmer,8_thomas,scp,
1912.5,0,0,NA,8.thomas_SCP_palmer,8_thomas,scp,
1911.5,0,0,NA,8.thomas_SCP_palmer,8_thomas,scp,
1910.5,0,0,NA,8.thomas_SCP_palmer,8_thomas,scp,
1909.5,0,0,NA,8.thomas_SCP_palmer,8_thomas,scp,
1908.5,0,0,NA,8.thomas_SCP_palmer,8_thomas,scp,
1907.5,0,0,NA,8.thomas_SCP_palmer,8_thomas,scp,
1906.5,0,0,NA,8.thomas_SCP_palmer,8_thomas,scp,
1905.5,0,0,NA,8.thomas_SCP_palmer,8_thomas,scp,
1904.5,0,0,NA,8.thomas_SCP_palmer,8_thomas,scp,
1903.5,0,0,NA,8.thomas_SCP_palmer,8_thomas,scp,
1902.5,0,0,NA,8.thomas_SCP_palmer,8_thomas,scp,
1901.5,0,0,NA,8.thomas_SCP_palmer,8_thomas,scp,
1900.5,0,0,NA,8.thomas_SCP_palmer,8_thomas,scp,
1995.9,2.2,0.74,0.08,9.fialkiewiczKoziel_239240Pu_Sn0,9_fialkiewiczKoziel,pu,
1994.3,2.4,0.19,0.03,9.fialkiewiczKoziel_239240Pu_Sn0,9_fialkiewiczKoziel,pu,
1992.6,2.5,0.04,0,9.fialkiewiczKoziel_239240Pu_Sn0,9_fialkiewiczKoziel,pu,
1990.5,2.7,0.05,0.01,9.fialkiewiczKoziel_239240Pu_Sn0,9_fialkiewiczKoziel,pu,
1987.9,3,0.1,0.01,9.fialkiewiczKoziel_239240Pu_Sn0,9_fialkiewiczKoziel,pu,
1985.1,3.2,0.04,0,9.fialkiewiczKoziel_239240Pu_Sn0,9_fialkiewiczKoziel,pu,
1983.2,3.4,0.18,0.01,9.fialkiewiczKoziel_239240Pu_Sn0,9_fialkiewiczKoziel,pu,
1981.4,3.5,0.44,0.06,9.fialkiewiczKoziel_239240Pu_Sn0,9_fialkiewiczKoziel,pu,
1979,3.8,0.67,0.07,9.fialkiewiczKoziel_239240Pu_Sn0,9_fialkiewiczKoziel,pu,
1976.7,4,0.94,0.1,9.fialkiewiczKoziel_239240Pu_Sn0,9_fialkiewiczKoziel,pu,
1974.4,4.2,4.91,0.34,9.fialkiewiczKoziel_239240Pu_Sn0,9_fialkiewiczKoziel,pu,
1971.2,4.5,10.7,0.69,9.fialkiewiczKoziel_239240Pu_Sn0,9_fialkiewiczKoziel,pu,
1968,4.7,20.9,3.79,9.fialkiewiczKoziel_239240Pu_Sn0,9_fialkiewiczKoziel,pu,
1965.7,4.9,24.12,1.57,9.fialkiewiczKoziel_239240Pu_Sn0,9_fialkiewiczKoziel,pu,
1963.6,5.1,17.99,1.18,9.fialkiewiczKoziel_239240Pu_Sn0,9_fialkiewiczKoziel,pu,
1961.4,5.3,11.64,0.82,9.fialkiewiczKoziel_239240Pu_Sn0,9_fialkiewiczKoziel,pu,
1959.3,5.5,5.72,0.39,9.fialkiewiczKoziel_239240Pu_Sn0,9_fialkiewiczKoziel,pu,
1957.4,5.7,5.86,0.5,9.fialkiewiczKoziel_239240Pu_Sn0,9_fialkiewiczKoziel,pu,
1955.4,5.9,3.32,0.3,9.fialkiewiczKoziel_239240Pu_Sn0,9_fialkiewiczKoziel,pu,
1953.2,6.1,1.84,0.16,9.fialkiewiczKoziel_239240Pu_Sn0,9_fialkiewiczKoziel,pu,
1951.5,6.2,1.64,0.17,9.fialkiewiczKoziel_239240Pu_Sn0,9_fialkiewiczKoziel,pu,
1950.3,6.3,0.91,0.13,9.fialkiewiczKoziel_239240Pu_Sn0,9_fialkiewiczKoziel,pu,
1948.9,6.5,1.11,0.15,9.fialkiewiczKoziel_239240Pu_Sn0,9_fialkiewiczKoziel,pu,
1947,6.6,0.41,0.06,9.fialkiewiczKoziel_239240Pu_Sn0,9_fialkiewiczKoziel,pu,
1945.2,6.8,0.22,0.04,9.fialkiewiczKoziel_239240Pu_Sn0,9_fialkiewiczKoziel,pu,
1943.4,6.9,0.35,0.06,9.fialkiewiczKoziel_239240Pu_Sn0,9_fialkiewiczKoziel,pu,
1941.5,7.1,1.07,0.14,9.fialkiewiczKoziel_239240Pu_Sn0,9_fialkiewiczKoziel,pu,
1939.5,7.3,0.17,0.03,9.fialkiewiczKoziel_239240Pu_Sn0,9_fialkiewiczKoziel,pu,
1937.5,7.5,0.11,0.05,9.fialkiewiczKoziel_239240Pu_Sn0,9_fialkiewiczKoziel,pu,
1935.7,7.6,0.0508,0.01,9.fialkiewiczKoziel_239240Pu_Sn0,9_fialkiewiczKoziel,pu,
1997.5,1.5,1.106,0.0029,9.fialkiewiczKoziel_F14C_Sn0,9_fialkiewiczKoziel,f14c,
1992,1,1.135,0.003,9.fialkiewiczKoziel_F14C_Sn0,9_fialkiewiczKoziel,f14c,
1989,1,1.167,0.0031,9.fialkiewiczKoziel_F14C_Sn0,9_fialkiewiczKoziel,f14c,
1979.5,0.5,1.294,0.0034,9.fialkiewiczKoziel_F14C_Sn0,9_fialkiewiczKoziel,f14c,
1970,1,1.551,0.004,9.fialkiewiczKoziel_F14C_Sn0,9_fialkiewiczKoziel,f14c,
1959.5,1.5,1.195,0.0032,9.fialkiewiczKoziel_F14C_Sn0,9_fialkiewiczKoziel,f14c,
1956.5,0.5,1.059,0.0028,9.fialkiewiczKoziel_F14C_Sn0,9_fialkiewiczKoziel,f14c,
1948.5,4.5,0.974,0.0026,9.fialkiewiczKoziel_F14C_Sn0,9_fialkiewiczKoziel,f14c,
1945.5,6.5,0.973,0.0026,9.fialkiewiczKoziel_F14C_Sn0,9_fialkiewiczKoziel,f14c,
1936.5,11.5,0.985,0.0027,9.fialkiewiczKoziel_F14C_Sn0,9_fialkiewiczKoziel,f14c,
1933,13,0.979,0.0026,9.fialkiewiczKoziel_F14C_Sn0,9_fialkiewiczKoziel,f14c,
1927.5,16.5,0.983,0.0027,9.fialkiewiczKoziel_F14C_Sn0,9_fialkiewiczKoziel,f14c,
1921.5,21.5,0.983,0.0026,9.fialkiewiczKoziel_F14C_Sn0,9_fialkiewiczKoziel,f14c,
2020.250722,0.067001952,0,0,9.fialkiewiczKoziel_SCP_Sn0,9_fialkiewiczKoziel,scp,measurement s.d.= (U-L)/(2*1.645)
2019.158309,0.164687798,0,0,9.fialkiewiczKoziel_SCP_Sn0,9_fialkiewiczKoziel,scp,
2018.468638,0.226359588,0,0,9.fialkiewiczKoziel_SCP_Sn0,9_fialkiewiczKoziel,scp,
2017.759476,0.289774321,0,0,9.fialkiewiczKoziel_SCP_Sn0,9_fialkiewiczKoziel,scp,
2016.900731,0.366565124,0,0,9.fialkiewiczKoziel_SCP_Sn0,9_fialkiewiczKoziel,scp,
2015.724687,0.47172941,0,0,9.fialkiewiczKoziel_SCP_Sn0,9_fialkiewiczKoziel,scp,
2014.863448,0.548743148,0,0,9.fialkiewiczKoziel_SCP_Sn0,9_fialkiewiczKoziel,scp,
2014.092413,0.617690709,0,0,9.fialkiewiczKoziel_SCP_Sn0,9_fialkiewiczKoziel,scp,
2012.521785,0.758139447,70.10548908,41.7649722178428,9.fialkiewiczKoziel_SCP_Sn0,9_fialkiewiczKoziel,scp,
2010.893818,0.903715678,216.1290624313,57.5822115500922,9.fialkiewiczKoziel_SCP_Sn0,9_fialkiewiczKoziel,scp,
2009.20443,1.054784204,390.77811394,82.3086374529373,9.fialkiewiczKoziel_SCP_Sn0,9_fialkiewiczKoziel,scp,
2007.264377,1.228267782,139.2957200544,47.9112298121234,9.fialkiewiczKoziel_SCP_Sn0,9_fialkiewiczKoziel,scp,
2005.528074,1.38353153,110.3746059228,46.4958660622685,9.fialkiewiczKoziel_SCP_Sn0,9_fialkiewiczKoziel,scp,
2003.508017,1.564169278,335.214537518,99.851138835145,9.fialkiewiczKoziel_SCP_Sn0,9_fialkiewiczKoziel,scp,
2001.35764,1.756460421,848.4243016156,178.701533573228,9.fialkiewiczKoziel_SCP_Sn0,9_fialkiewiczKoziel,scp,
1999.508243,1.921837289,1606.7749698906,219.603081887334,9.fialkiewiczKoziel_SCP_Sn0,9_fialkiewiczKoziel,scp,
1997.757209,2.078418378,423.3062668737,84.0608189536348,9.fialkiewiczKoziel_SCP_Sn0,9_fialkiewiczKoziel,scp,
1995.860671,2.248010735,1283.5613020038,212.082635856191,9.fialkiewiczKoziel_SCP_Sn0,9_fialkiewiczKoziel,scp,
1994.268059,2.390425349,1070.2056184793,176.829909191599,9.fialkiewiczKoziel_SCP_Sn0,9_fialkiewiczKoziel,scp,
1992.610401,2.538656528,1237.6803003906,184.335363887965,9.fialkiewiczKoziel_SCP_Sn0,9_fialkiewiczKoziel,scp,
1990.505806,2.726853782,774.7180323414,174.443510618937,9.fialkiewiczKoziel_SCP_Sn0,9_fialkiewiczKoziel,scp,
1987.873362,2.962252352,295.9293459236,78.8430117132755,9.fialkiewiczKoziel_SCP_Sn0,9_fialkiewiczKoziel,scp,
1985.055072,3.214269675,371.3416354854,98.9347400638105,9.fialkiewiczKoziel_SCP_Sn0,9_fialkiewiczKoziel,scp,
1983.175759,3.382321757,1303.4184636261,207.529588190821,9.fialkiewiczKoziel_SCP_Sn0,9_fialkiewiczKoziel,scp,
1981.385289,3.542429264,487.9566401978,109.873354940093,9.fialkiewiczKoziel_SCP_Sn0,9_fialkiewiczKoziel,scp,
1979.005551,3.755230381,1152.8132147932,190.479149582887,9.fialkiewiczKoziel_SCP_Sn0,9_fialkiewiczKoziel,scp,
1976.671141,3.963978144,1239.6814701861,213.196298453165,9.fialkiewiczKoziel_SCP_Sn0,9_fialkiewiczKoziel,scp,
1974.404723,4.166645874,2357.2163463517,389.482493151753,9.fialkiewiczKoziel_SCP_Sn0,9_fialkiewiczKoziel,scp,
1971.200915,4.453136978,1528.0398486895,220.785421146913,9.fialkiewiczKoziel_SCP_Sn0,9_fialkiewiczKoziel,scp,
1967.950193,4.743823305,715.404920283,142.06622530442,9.fialkiewiczKoziel_SCP_Sn0,9_fialkiewiczKoziel,scp,
1965.706893,4.944423824,1825.8330230175,271.932577896221,9.fialkiewiczKoziel_SCP_Sn0,9_fialkiewiczKoziel,scp,
1963.61091,5.131850942,1207.7470778353,192.296841495192,9.fialkiewiczKoziel_SCP_Sn0,9_fialkiewiczKoziel,scp,ages are mean of intervals and errors are distance of the boundary to the mean
1961.384608,5.330931453,1267.2246761871,201.766832781185,9.fialkiewiczKoziel_SCP_Sn0,9_fialkiewiczKoziel,scp,
1959.301317,5.517223631,1045.0492196736,160.750113851578,9.fialkiewiczKoziel_SCP_Sn0,9_fialkiewiczKoziel,scp,
1957.417924,5.685640516,401.4992908759,106.969497041973,9.fialkiewiczKoziel_SCP_Sn0,9_fialkiewiczKoziel,scp,
1955.422343,5.864089452,705.4263403972,158.841077869399,9.fialkiewiczKoziel_SCP_Sn0,9_fialkiewiczKoziel,scp,
1953.24477,6.058812608,749.2894336496,148.795064838209,9.fialkiewiczKoziel_SCP_Sn0,9_fialkiewiczKoziel,scp,
1951.51572,6.21342782,60.2550602551,35.8966316413125,9.fialkiewiczKoziel_SCP_Sn0,9_fialkiewiczKoziel,scp,
1950.317011,6.320618783,395.5930934432,117.836240600103,9.fialkiewiczKoziel_SCP_Sn0,9_fialkiewiczKoziel,scp,
1948.854719,6.451380002,325.5051708757,86.7227544466527,9.fialkiewiczKoziel_SCP_Sn0,9_fialkiewiczKoziel,scp,
1947.007589,6.616554203,346.6065390732,119.21648089,9.fialkiewiczKoziel_SCP_Sn0,9_fialkiewiczKoziel,scp,
1945.159778,6.781789204,256.6924030121,108.132984846171,9.fialkiewiczKoziel_SCP_Sn0,9_fialkiewiczKoziel,scp,
1943.398772,6.93926203,258.3694211384,108.839437290829,9.fialkiewiczKoziel_SCP_Sn0,9_fialkiewiczKoziel,scp,
1941.497928,7.109239456,0,0,9.fialkiewiczKoziel_SCP_Sn0,9_fialkiewiczKoziel,scp,
1939.456566,7.291782281,82.0199104522,48.8629253757594,9.fialkiewiczKoziel_SCP_Sn0,9_fialkiewiczKoziel,scp,
1937.461665,7.470170418,0,0,9.fialkiewiczKoziel_SCP_Sn0,9_fialkiewiczKoziel,scp,
1935.742134,7.623934425,0,0,9.fialkiewiczKoziel_SCP_Sn0,9_fialkiewiczKoziel,scp,
1934.178986,7.763714359,0,0,9.fialkiewiczKoziel_SCP_Sn0,9_fialkiewiczKoziel,scp,
1932.668419,7.898792401,0,0,9.fialkiewiczKoziel_SCP_Sn0,9_fialkiewiczKoziel,scp,
1931.060169,8.042605423,0,0,9.fialkiewiczKoziel_SCP_Sn0,9_fialkiewiczKoziel,scp,
